cg25837710,cg11224603,cg19651132,cg06633615,cg07616879,cg06590608,cg21759280,cg05705018,cg08339497,cg18746831,cg06108510,cg20392607,cg09493063,subtype
0.0120988923983002,0.0188307387389016,0.0111948135745959,0.915290562773534,0.0912201454689468,0.015418703449651,0.574525950337262,0.110381675614696,0.928861926357127,0.311402138385905,0.0420917863846126,0.0244191335288895,0.0352240467047572,UCEC_CN_HIGH
0.0147751775115835,0.0258240946450933,0.385224704767156,0.925956154018202,0.896017170087867,0.0170769349720037,0.975434033917452,0.932827826285716,0.933196711307165,0.904956281118016,0.0462555956339311,0.340739294718321,0.0478996989669166,UCEC_CN_LOW
0.0163955917453285,0.0297178881503468,0.0218951813076686,0.143614966924829,0.0639955629086279,0.0185893078753933,0.6513365872053,0.308098890691479,0.10909784368988901,0.304080673240384,0.083586214262219,0.0300030599555341,0.072329684857283,UCEC_CN_HIGH
0.00987387971468064,0.0162579464303866,0.860178332754638,0.949116177854937,0.969769167484698,0.0120494212025104,0.525060480475109,0.942566261386355,0.964978866446208,0.981621111361203,0.0375365627379254,0.813203310661402,0.935390031641081,UCEC_CN_LOW
0.0100907154216882,0.0167575680103197,0.450451226603156,0.938414192790889,0.937689365290964,0.0125023665501061,0.987722097144335,0.855063413249841,0.959159299063345,0.98057503891027,0.0372536954679111,0.431659367493353,0.323587594092582,UCEC_POLE
0.0170519991923889,0.0261646172129782,0.0268886413593117,0.297477704991837,0.132588707471426,0.0180932689861863,0.54834011482686,0.241709707360656,0.350642856146829,0.373549669086742,0.0376187733897187,0.0456806837394114,0.0530976473156955,UCEC_CN_HIGH
0.238092087858953,0.263874995631432,0.519173533600793,0.595193679074336,0.542209284385418,0.412198402632099,0.611758827725912,0.82316580374323,0.748436252882272,0.963563832719628,0.295205486803429,0.463486186602772,0.623583256710728,UCEC_CN_LOW
0.00881559176117644,0.013077943927096,0.587420103561165,0.632222761833017,0.883554552456402,0.0110907782451484,0.972799501272423,0.937212733859354,0.678676290708355,0.967616973712509,0.0301610042494691,0.57898463393872,0.559502229964401,UCEC_CN_LOW
0.0111076566399596,0.0156944820406434,0.0198702751088629,0.963079522987028,0.42695752645185,0.0103490670602153,0.98658482381993,0.0696832667714751,0.977436010057984,0.22280560074677,0.0287917894363921,0.0347857862193758,0.0699259473660169,UCEC_CN_HIGH
0.0131722073931201,0.0219396526904244,0.521731646034106,0.9608889212585,0.935087715835797,0.0123324847928508,0.983517657487259,0.84086903775033806,0.973426561056357,0.838151923007962,0.034473697463182,0.543414729111591,0.484813655197983,UCEC_MSI
0.0111654776453095,0.0141401580596043,0.200397501406579,0.96227326335002,0.508140259539343,0.0112557359947881,0.980081754660534,0.843629868965326,0.970098144041127,0.456985098515756,0.0247568684823525,0.221339543880342,0.0320298671276802,UCEC_CN_HIGH
0.013912143652505,0.017963222054789,0.744470366802418,0.931960441239429,0.95049427582041,0.0132124203233217,0.899836658001838,0.786620594069981,0.961610815545962,0.947712415366729,0.0479714317468816,0.737427053488985,0.842838148306299,UCEC_POLE
0.0129468223092719,0.0201584849086812,0.543319225246219,0.873614697334791,0.884408204365913,0.0152367619695061,0.976252164239552,0.937557796370902,0.898503424510094,0.976628213047141,0.0313213205974023,0.53879181194382,0.670745398243652,UCEC_CN_HIGH
0.0319501143498538,0.0264717831499622,0.0152856349364454,0.924798744307333,0.195640175968859,0.0180668824092513,0.975463711816509,0.329193224743072,0.927081874467069,0.214948733030644,0.0488973687395831,0.0419957371769145,0.0434297410142433,UCEC_CN_HIGH
0.0161119217802337,0.0151514799042687,0.398465568344149,0.933012721555597,0.928296937619467,0.0132141143681972,0.984161112943994,0.463969580607009,0.948419720954363,0.151974629356811,0.0256665916558288,0.397407980124347,0.0533609314767837,UCEC_CN_HIGH
0.0111795184473799,0.0160012966229131,0.522962562021446,0.95405561551204,0.693353698518222,0.012027695844821,0.971736088573942,0.743334915577809,0.957722864185722,0.976724812330809,0.0313696622983808,0.499167472993394,0.566785048681965,UCEC_CN_LOW
0.00914951196107595,0.0128220564137137,0.00930552342469866,0.959244831890907,0.0830106182253463,0.00871756975445636,0.371153250627787,0.0690382474511161,0.972117699687524,0.253653146341494,0.0527502167178838,0.0318631124398138,0.0497742865613569,UCEC_CN_HIGH
0.0140366282751308,0.0186242849851329,0.0199399649785328,0.602151383411746,0.200246958333984,0.0143867530160085,0.977112090258663,0.271300572119763,0.768515027644066,0.520285596597643,0.0324588398213864,0.0375109496963221,0.0457005409679977,UCEC_CN_HIGH
0.379956194071047,0.487237532062746,0.54694323733053,0.953280526516545,0.968714349703691,0.547290400053309,0.98137608066293,0.912231426990332,0.963475307319633,0.982038980971435,0.608089331951174,0.560714080418966,0.692310283415729,UCEC_MSI
0.0115345042732278,0.0141895651411185,0.276443170208056,0.300160151109863,0.332424048466943,0.0127532307266131,0.648807153701394,0.360096296203727,0.330801158530211,0.513800588720496,0.0378480659608263,0.233401499447113,0.0336442376861047,UCEC_CN_HIGH
0.00992262849704369,0.0134502893586157,0.654164534001572,0.152480654132219,0.834636674738426,0.010343967163480801,0.819944603011986,0.535837215142951,0.135092456306308,0.898865969574788,0.0275319140754557,0.608616314216599,0.760106504721425,UCEC_CN_LOW
0.0117920959868037,0.0153264554856046,0.0135409486752568,0.962020854496559,0.0555371801632976,0.0122660597526767,0.980876346757839,0.0725130541557889,0.96029866947046,0.461293880500784,0.029153138761711,0.032078146277562,0.0306610044737468,UCEC_CN_HIGH
0.0116354835644964,0.0153628970956559,0.0776629513075494,0.20967215631155,0.124011600243535,0.0138961388802215,0.778356365521427,0.228764475542279,0.189295934619452,0.383092458678087,0.0364182195322819,0.0821872416471431,0.0613463183389268,UCEC_CN_LOW
0.505670989089832,0.638189810800234,0.735582637652155,0.779576546094494,0.937316453751812,0.694983810337662,0.977739761167484,0.777261528180016,0.680872752800041,0.815060645380161,0.828059999096313,0.72236853174373,0.84425006845306,UCEC_MSI
0.0124248928535966,0.0178837238382479,0.0169595600168964,0.160614178686059,0.109609172386734,0.0123095334319003,0.784801423954146,0.109601442305475,0.130254618102899,0.334906313773906,0.0442124960646064,0.0383739376542365,0.0306823387231566,UCEC_CN_HIGH
0.0126323694791715,0.0171263511267135,0.822249630715204,0.968340953075523,0.95763957693602,0.0137838376540359,0.987835622370003,0.967967389937578,0.977265672621357,0.97977108809963,0.0316889750029567,0.86306249329089,0.917893329408914,UCEC_MSI
0.0125665974527962,0.0159739680078315,0.647198561890681,0.968211677041548,0.917543449528071,0.0123964448638687,0.986451251784895,0.584798463514222,0.973703073539283,0.977492502232311,0.0261616460352972,0.687496131578085,0.530711514489089,UCEC_MSI
0.0134391226601029,0.015252807561723,0.288716719736429,0.303936012796404,0.901854990000445,0.0139348260626227,0.986137519277175,0.778692424381806,0.296238291505381,0.54661070426036,0.0320302311801392,0.357089650025607,0.0428443579173523,UCEC_CN_HIGH
0.0117652508273671,0.0161437298279549,0.714499627327287,0.962318264209201,0.191307994859518,0.0128125222628715,0.466044486681412,0.879835947271781,0.976956714493354,0.725434722183118,0.0308101697781267,0.698031641885132,0.0374191683987361,UCEC_CN_LOW
0.0111532553358998,0.0150887481691636,0.0132450498702336,0.85938595693106,0.145127376646411,0.0126546593673524,0.511392958482203,0.237817001440711,0.956067561621829,0.371438204526419,0.0305289133573121,0.0313913298668389,0.0303614214314749,UCEC_CN_HIGH
0.205204970833076,0.233865334951858,0.597080921625239,0.962821658385444,0.909265145436455,0.413189315956533,0.983958260530972,0.662856809287018,0.975071716626984,0.977572099886552,0.520870070740256,0.60017899691245,0.659210261464761,UCEC_POLE
0.0113070376064239,0.0133134081493034,0.014597888645312,0.431568814287246,0.465797038447433,0.0115913692228736,0.929980279307478,0.388117993588489,0.530544380699466,0.30091647384102,0.0434672547400627,0.0386430069767294,0.277377818553319,UCEC_CN_HIGH
0.0122705979516683,0.0185268491904714,0.241947109419816,0.0685232641265919,0.950306716864294,0.0152283062485869,0.593321657596951,0.908496199299803,0.0424572133970708,0.965707574902126,0.0304635325996743,0.49754671073532,0.118784301704107,UCEC_CN_LOW
0.00926718451358559,0.0156428141234549,0.014891356666173,0.934919896049106,0.244853383107843,0.0120397973064243,0.56020119063709,0.409162435794775,0.956803995249904,0.337750880352698,0.0242529615335062,0.0296457236487862,0.0530190691538139,UCEC_CN_HIGH
0.0142332186677653,0.0187158525646971,0.778917055066658,0.141265745911145,0.930232512138589,0.0159703214488425,0.438449404898075,0.95639571725644,0.100056015522531,0.96443680144803,0.0305132813873014,0.768106340005574,0.876316763927342,NA
0.0143655440574435,0.0197734444891168,0.443835666270061,0.938607672158825,0.890813551361566,0.0166211628816503,0.98045158478184,0.898735728877818,0.962305069993151,0.620892004158306,0.038311217558095,0.495780589607265,0.793176908765719,NA
0.0138951617390852,0.0195953289207654,0.0189282385287814,0.737011082623134,0.267269923986103,0.0172141703923563,0.863128450491706,0.767127036298572,0.902059426667215,0.547592186676325,0.0305872459480737,0.0493056353744591,0.0352916878173545,UCEC_CN_HIGH
0.0123288797059373,0.0191246351001524,0.514475004607133,0.951156111798337,0.944294471885296,0.0152910815749429,0.98106837290831,0.876283763454218,0.964715176886213,0.566963290126201,0.037077037095634,0.50374482754937,0.780241956304419,UCEC_MSI
0.0138171629464791,0.019877853093242,0.477589733378132,0.949230714158496,0.93582602003501,0.0172649589939662,0.623829038708802,0.936881579440682,0.963110168110857,0.983153602230144,0.028628876944584,0.491244773457596,0.052304919415046,UCEC_CN_LOW
0.763422083713038,0.918733137010127,0.919717675865197,0.939536959115996,0.95135027350259,0.9486003872795,0.774533216515488,0.933099914723134,0.954038218167983,0.862142342126605,0.964972761412518,0.929356545664985,0.959983719862821,UCEC_MSI
0.0109867882547345,0.0199962020215985,0.0294856126968256,0.948452625015841,0.220374704028712,0.0140403969762944,0.977548302225642,0.413834948071124,0.955015241596531,0.505820298075277,0.036747636705874,0.0550307743572562,0.457420461523065,UCEC_CN_HIGH
0.0124845923769658,0.0218001665282572,0.0219376745306157,0.288742486330881,0.236500306808407,0.0161776200297226,0.983011773542,0.32077126490187,0.276708767260279,0.43757369243182,0.0352461693974826,0.053199090617394,0.0493275917969193,UCEC_CN_HIGH
0.014208062023254,0.0180744680578803,0.676995391629762,0.929203564833719,0.882438735588037,0.0132192593992885,0.985098180568662,0.922585083444063,0.950410969458334,0.974853670450027,0.0289278859476667,0.675623267134924,0.809252675343834,UCEC_CN_LOW
0.0184415448577136,0.0325003538237857,0.430441975952221,0.700820564940524,0.816928444043405,0.0180427768105209,0.930454069329331,0.845199616665677,0.846849103951714,0.90381134011933,0.039014454060108,0.484519015135157,0.262144426970928,UCEC_MSI
0.359644998313509,0.437075074026454,0.627979897677652,0.906543735966751,0.64054154607058,0.54222178413014,0.978601261483406,0.883845308138418,0.944524145518478,0.724538434068581,0.621845736468147,0.587205086025906,0.718290099976491,NA
0.0140384563182632,0.0168957389299426,0.036980624230825,0.901725244964196,0.316863849369678,0.011570019847951,0.98662758247619,0.345099235761271,0.952657910943083,0.586954093796467,0.0614419117117387,0.116091719292191,0.199686718235179,UCEC_CN_HIGH
0.00917976201934332,0.0162264649166019,0.447727413188968,0.93617182850855,0.685660685567671,0.0122954916343965,0.986701908892043,0.796200724160434,0.939153981124598,0.50655177227219494,0.0418142158583331,0.384024240500256,0.521869805083924,UCEC_POLE
0.0111402997116484,0.0118415856383685,0.0281248507362511,0.925320976651857,0.118993314898872,0.0124975440231097,0.502574082193614,0.292545668346426,0.966669828136269,0.430323376901659,0.027524063606235,0.041394186794776,0.0412237391181739,UCEC_MSI
0.359222425965257,0.487331751017891,0.652516229991641,0.365017055578025,0.318110279457454,0.575330922248587,0.408403766075435,0.575196296398826,0.4547857134905,0.975376544181479,0.720617730291638,0.675190709962711,0.673966278501137,UCEC_MSI
0.0104839643805301,0.0182176994013671,0.0183207050382342,0.911265845385795,0.0718965907162698,0.012711139047937,0.385726677784934,0.390024728206462,0.951023705599746,0.656985752224349,0.0283106404547652,0.0326194987694577,0.0422730809358744,UCEC_CN_HIGH
0.0130002479106142,0.0151744495853676,0.474144966679724,0.938373591154048,0.916370912546442,0.0109894557808392,0.984955824115957,0.47859263591495,0.967552062293071,0.983890454618685,0.0325885834023848,0.442500395835659,0.715588868404315,UCEC_POLE
0.0105859963912682,0.0143228532546962,0.672308522093706,0.944807356366396,0.921756573620882,0.0115552844796076,0.980507859001214,0.952313162137005,0.962619448011217,0.983734298349039,0.0340887993928594,0.706891763803079,0.787601884524808,UCEC_POLE
0.448439241151236,0.632480237525969,0.801900768088855,0.335853318734278,0.957704212233674,0.658141913747839,0.987874683123589,0.87054987300458,0.244269379418537,0.974503020741973,0.868761750249698,0.816783860982315,0.909511186999267,UCEC_MSI
0.00914671074799896,0.0127525942925183,0.438746499586387,0.246557460534215,0.853916907671424,0.0123458437047323,0.576282548846395,0.893613307436547,0.32925169052548803,0.976903924908864,0.025323564984638,0.423267453560094,0.426112277672646,UCEC_CN_LOW
0.0102550361258601,0.0129416256907666,0.834447013836469,0.908552458377729,0.359279171696485,0.0104748542028611,0.573330517229389,0.498231828108001,0.956308774230714,0.507443992868887,0.024544251804643,0.794357284635263,0.0312869769609189,UCEC_CN_LOW
0.0127755487222507,0.0158611936140946,0.0378418721604297,0.0883078847981315,0.0383674335726527,0.0122848328314212,0.978484527978248,0.193410199222105,0.0584799342734769,0.209197456142519,0.0251743702554944,0.0656348821508218,0.255342737490171,NA
0.00932135195426341,0.0154510784517452,0.424538011578964,0.871990908205371,0.906601869424758,0.00905677809535744,0.98856591889686,0.596821017056303,0.764502684658602,0.194809308074104,0.0370200890486474,0.519069011624368,0.0342820180687152,UCEC_CN_HIGH
0.324824388513933,0.376090758439853,0.620783981483892,0.936866118724408,0.945258394243652,0.525706188473176,0.762121218875275,0.873813185984841,0.954997104671138,0.977935294322207,0.611178993234629,0.617413414076104,0.607201257649798,UCEC_MSI
0.0105254068594266,0.0148035087560061,0.405071293182909,0.0770297449014852,0.519699301951133,0.00969188384320006,0.386310091361696,0.94121416386109,0.0564409116595493,0.961903245216913,0.0473716832359842,0.38779697506058,0.606940546439942,UCEC_CN_LOW
0.00939422664237364,0.0159462778753687,0.762684079460784,0.940347330410257,0.948807772955122,0.00992638528185467,0.988128474042608,0.956220709197467,0.952036111060155,0.987809755825903,0.0415007418814356,0.801059652328145,0.918648103131204,UCEC_CN_LOW
0.00965536778828754,0.0148449119215869,0.134250251692171,0.933949724307927,0.953139256664012,0.011283921353433,0.982292192574863,0.593325262428102,0.949684839384279,0.981396347558487,0.0218869839226292,0.138323349147008,0.625013352293505,UCEC_POLE
0.605216174667251,0.796358407478415,0.853832174543663,0.952655893240174,0.943432864802138,0.827773729805764,0.984137637777833,0.95249152400654,0.970871890442237,0.739701490654264,0.942036329747288,0.86255078524659,0.923162824483781,UCEC_MSI
0.0115088789789046,0.0146421679200747,0.536263508621357,0.355824005850781,0.915773051547602,0.0121617521774712,0.983546225723321,0.59116729078156,0.397676546065892,0.420707275955696,0.0290267364214985,0.580526138083781,0.0700029512103303,UCEC_MSI
0.00976505522008447,0.0169321073828253,0.0127336325685034,0.569312206326783,0.0168851159935395,0.0103615757336745,0.115431881087471,0.045289028220483,0.685559385461607,0.0710394237929618,0.0382980531075292,0.0271588157147202,0.0439411992819794,UCEC_CN_HIGH
0.00965240266138843,0.0122297395048654,0.0111083490189701,0.923202035055487,0.0429692399196666,0.0102875103604931,0.985505917814044,0.727748648753044,0.960070996398547,0.243236759462735,0.0235906150927148,0.0246197432874315,0.0279784771638112,UCEC_CN_HIGH
0.00994406637825379,0.0142664896938028,0.671010171999719,0.373744960740511,0.94606443271331,0.0133791611963303,0.983996782128431,0.940265975745596,0.522227004062826,0.979253632250602,0.032818994237209,0.700969876267768,0.0524065356729238,UCEC_MSI
0.00955279808900254,0.0135992674833331,0.0137305179291055,0.9443065500658,0.0749747916972548,0.0129458868176788,0.648164956459741,0.240374196484878,0.96779624186215,0.422524568465853,0.0282516531403371,0.0372140859134832,0.0463144088825713,UCEC_CN_HIGH
0.0102498726721384,0.0139122399715697,0.0638109937252733,0.519444278505514,0.656677144212385,0.0122385027973295,0.803611557525204,0.680558039008639,0.637393338685087,0.905697063550184,0.0336607195821408,0.0907674273078833,0.0419892578599794,UCEC_CN_LOW
0.00930290956621532,0.0115002235984368,0.733257860815589,0.946424664817876,0.932179699528485,0.0104915721996083,0.401499365177334,0.926215090467095,0.965204094864787,0.86394011430792494,0.0280330379853411,0.758227766353238,0.788556003719372,UCEC_MSI
0.00960186605683162,0.0161225563242228,0.0137361648137099,0.630658700687113,0.155469826464382,0.01104933926132,0.968566389402628,0.163177495470683,0.708421028107524,0.524490550470769,0.0243725947806481,0.0273603975075832,0.0396600250471035,UCEC_CN_HIGH
0.0119549924138374,0.0150773445856418,0.576596940631391,0.389463022674887,0.891633407542427,0.0123164195326902,0.559414435503121,0.811714153650827,0.536766057506332,0.790024905400127,0.0310091709719484,0.56574361311047106,0.780509630182895,UCEC_CN_LOW
0.0111571635886622,0.0138753112529203,0.838906825997592,0.943273520281477,0.940780854037159,0.0120764765801326,0.352086629132462,0.965034026657991,0.964190208956913,0.975669583479233,0.0313865004517527,0.83693571829494,0.905739517737737,UCEC_CN_LOW
0.00949477733414358,0.0134641579791479,0.012319642283711,0.631638970431074,0.107917082565173,0.00953679364290159,0.268025818251325,0.945946434311272,0.744054119281083,0.292915229346508,0.0352547895248141,0.0381256395715753,0.059315688614179,UCEC_CN_LOW
0.0126490185254948,0.0153253064331518,0.475902766453189,0.957705275489172,0.639480996727187,0.0111132945770403,0.983648534268154,0.478666106894045,0.971422005904055,0.457265794138755,0.0289274020562124,0.43464413046178,0.723526555859051,UCEC_CN_HIGH
0.0122704451343446,0.0261383817491508,0.0135261034877982,0.961411901302734,0.0250853026546887,0.0147068879692072,0.508779294638638,0.0419488004726105,0.971385491417125,0.0919820394110197,0.0403232748425355,0.0344975178554069,0.0400687366879816,UCEC_CN_HIGH
0.0156525935894907,0.011904100931608,0.641206231214554,0.0778926213483514,0.250132713852424,0.0138350500486163,0.299825922734643,0.289237922245162,0.0735103329869954,0.708707107942146,0.0284308194990577,0.672948376420028,0.39478557909142,UCEC_CN_LOW
0.119445574454183,0.0885450300211474,0.822331011323617,0.958233902790185,0.969047490202901,0.250577397817613,0.923573791593036,0.954099110971037,0.974511194467222,0.960567769967538,0.175484185884249,0.854778916180129,0.906953853844387,UCEC_MSI
0.0157626399499324,0.0331533476532349,0.909535424688606,0.952069146352894,0.942710252675435,0.0198773114259761,0.975751144982133,0.890017597195831,0.963761654083707,0.814223299354231,0.0395137145937123,0.914330756193967,0.940942742798144,UCEC_POLE
0.511355705080705,0.73413451813862,0.303441521079961,0.796309719930158,0.936060552424292,0.715785142758227,0.975500755854832,0.686164469465255,0.929311677919275,0.805434722599954,0.87186238232779,0.345961712451978,0.652433756594351,UCEC_MSI
0.477967988749441,0.576059561061687,0.672354444940968,0.55027934363336,0.1455827857,0.639029704302537,0.840713255233584,0.797329642831949,0.599071502293239,0.365123095421911,0.769114513901565,0.733879458671788,0.622579015089761,UCEC_MSI
0.0145028928693102,0.020431723472913,0.745168696670005,0.957972246869365,0.02725061929992,0.0177828887164497,0.640798293940386,0.960901399930685,0.972799386269803,0.111463944845902,0.0426223505874758,0.864116046546357,0.954412160750937,UCEC_CN_LOW
0.441865521476177,0.563405579918186,0.659231674634049,0.954096168573952,0.850059476736032,0.603048029992956,0.974237903431301,0.914018656862745,0.966930851519333,0.956708154930332,0.703950191125641,0.70958319899806,0.865899604125933,UCEC_MSI
0.0163714991115029,0.03176224545274,0.0279655692222813,0.141901853857065,0.0699014764184934,0.0201829106845951,0.529794582295295,0.0446899506794885,0.166914727515085,0.455136689890634,0.0405700721122147,0.0523038700710289,0.250631195411459,UCEC_CN_HIGH
0.43932473533036,0.57526691371337,0.60743900711155,0.691627697532898,0.205088116820961,0.602312200900371,0.627327989791494,0.912480331913284,0.82638519693272,0.474651645546442,0.746065918449295,0.54279255763153,0.786861568892989,UCEC_MSI
0.0180734647418437,0.0159395456955438,0.0145060055904717,0.960178685415864,0.817742648994432,0.0249922429933508,0.56152882389834,0.83206063671921,0.969385957275707,0.577445182588948,0.0346703127738081,0.041667621889281,0.040301264197993,UCEC_CN_HIGH
0.589530375040205,0.613386220422541,0.717804533608463,0.632368490856669,0.138315404908437,0.742513988226207,0.854149730537847,0.290167021318854,0.625540047488343,0.277102053869684,0.873121150558329,0.671593041857614,0.611409673246648,UCEC_MSI
0.0144112722717281,0.0229367374657665,0.0144377736592323,0.946952011879641,0.0332538866261668,0.015247752209925,0.973527737019042,0.847750957633478,0.961072792325075,0.386078394660669,0.0429966727042966,0.0409820028214223,0.248362115617466,UCEC_CN_LOW
0.0140850888394889,0.0186899524036845,0.773819581330933,0.956062426802928,0.930931079733333,0.0147013268798302,0.98475052778583,0.578384503208999,0.971650651985733,0.977975827820691,0.0353224932140811,0.547436582922769,0.0487676242110184,UCEC_CN_HIGH
0.012430405572865,0.0172323629683882,0.676788948818321,0.598325715518891,0.414292896964948,0.0134624993736003,0.494280044225662,0.536992129247526,0.793865795169696,0.833639517069955,0.0436037081857745,0.630910299170313,0.657064343927026,UCEC_CN_HIGH
0.0129221416544662,0.0186478442558233,0.434135055220356,0.955430258713273,0.309791264223159,0.0164815375197696,0.984996139554217,0.848449638906189,0.972562197662748,0.455301058013176,0.0315493674393424,0.469786292602815,0.0434342850130759,UCEC_CN_HIGH
0.0113716665131471,0.0146100912289866,0.0110783248046285,0.952440417133841,0.0814441797413315,0.0124070981358213,0.64900803614742,0.276108383551266,0.972053248532474,0.498212052220206,0.0551568437081305,0.0625628678612948,0.031114990351335,UCEC_CN_HIGH
0.0107610334294999,0.0143910333198527,0.0138527112288424,0.44783377966863,0.793188989081871,0.011380710413778,0.560507811501845,0.555481592575199,0.517311575498766,0.341583737941952,0.0257995868709941,0.0357544144575123,0.0349607891174819,UCEC_CN_HIGH
0.67680757028466,0.829421426358712,0.866163281860853,0.946457228831792,0.0398331825806712,0.846952195555972,0.778691966675778,0.23674637825885,0.965702940782236,0.918668731545987,0.917580166200477,0.878933995990455,0.5717400585341,UCEC_MSI
0.518362369976036,0.694751150871933,0.70198456776418,0.771396441275493,0.345596886835553,0.683178400637869,0.947030477025361,0.899976938759306,0.860748673579218,0.920157761129369,0.825946134100601,0.692267582188925,0.888884417381336,UCEC_MSI
0.0120743973474026,0.0154668732964875,0.034034197007867,0.565139850405373,0.0738879120680522,0.0172646946825944,0.219290223674534,0.0498107956444062,0.705710731206942,0.114434185705655,0.0340331512788606,0.05473462864524,0.0354925886539269,UCEC_CN_HIGH
0.0108936093925937,0.0160584984394468,0.714294212785595,0.109497309243104,0.627022796120918,0.0121049543679706,0.772490075644523,0.921698254838459,0.104045822055909,0.958457106623873,0.0407933217488945,0.744841909578396,0.630909649777705,UCEC_CN_LOW
0.0113563193413985,0.0131868098168197,0.476002894041287,0.441264673865882,0.919870370020164,0.011027245397159,0.633604810024735,0.712545275352166,0.627479624568795,0.498802849023606,0.038100836262915,0.468073212159451,0.618150539546218,UCEC_CN_LOW
0.0107589082982162,0.0143702446302656,0.012147015432374,0.336556372247119,0.0800717592167773,0.0110130605441882,0.98655637903551,0.187855583731883,0.428657964823366,0.37777489496452,0.0321774694287144,0.0402706334026803,0.0318233266300216,UCEC_CN_HIGH
0.0166271262246799,0.0220179862400034,0.551343993956553,0.478761663188552,0.873941545511239,0.0229893306225171,0.972523547619142,0.426245739998402,0.632010131244266,0.635430924964735,0.0750161604992973,0.470371853755949,0.61012888937074,UCEC_POLE
0.0111427089575539,0.0141323467986269,0.63517923642747,0.495473153260119,0.84706314972135,0.0101024574494038,0.331061972450822,0.932746963881156,0.619209899667718,0.982749242081016,0.030723599941452,0.642209137014837,0.881985098682863,UCEC_CN_LOW
0.00893139722379097,0.0143386014758859,0.348151246289103,0.942758850681904,0.875654314023664,0.0101758765775016,0.54247338330836,0.497793789393356,0.958528363249704,0.495579190627478,0.0379662108740215,0.369324147609422,0.75904527666385,UCEC_MSI
0.0108739612038248,0.018015005951199,0.0115597479761938,0.867421782395107,0.139771539594721,0.0106510656959751,0.599683262299476,0.259068494449048,0.93321584529056,0.323706906803381,0.0393434589814424,0.029166533413537,0.042346954546306,UCEC_CN_HIGH
0.480381885851081,0.743604717731078,0.788397121071162,0.0720607837552805,0.852155606050997,0.671526373542884,0.749052748197095,0.63764511097017,0.0470428553784083,0.375208210606501,0.903583327432356,0.747413091292166,0.921245848436562,UCEC_MSI
0.0101463163895241,0.013552567081571,0.380724620644202,0.371661074099894,0.263353636906525,0.0125321992220418,0.496706858674729,0.92374777329693,0.40591144286682,0.906273370404168,0.0222972820153266,0.436789649405854,0.624193675322613,UCEC_CN_LOW
0.0103077116923357,0.0154116013936323,0.445688240517631,0.364668950334272,0.235445950950053,0.0113751566714737,0.586775410762954,0.716505717145645,0.407081723109649,0.969772933430208,0.0360778110113533,0.414418936001593,0.0413745126702847,NA
0.0107977261885703,0.016542248210364,0.534161688441489,0.919784976177006,0.911677706604637,0.0157763199933324,0.987708335746212,0.950850874071926,0.953907262911507,0.978707770440847,0.0350022824046158,0.5353141122007,0.625843405918919,UCEC_POLE
0.130116491850811,0.292171928249678,0.492875762548358,0.917309625104852,0.926074629270148,0.302349237863574,0.724451580042718,0.941504452191508,0.920489452629598,0.978107633628131,0.359823433897725,0.42654708477834,0.487007339878828,UCEC_CN_LOW
0.0134357334973938,0.0204996019965997,0.438176545049122,0.0826247964381198,0.0569829387743388,0.0155871912338973,0.982775223789387,0.485221751503763,0.0603371614397173,0.158889884782766,0.0359749338823161,0.419292750131493,0.43453888439122,UCEC_CN_HIGH
0.426337725532489,0.597589540430209,0.822068216308829,0.0790264681952071,0.698569255237024,0.602860121280062,0.985667219040018,0.927637421804893,0.0473562545077025,0.9824772184836,0.655216479025224,0.743495718351794,0.901802676412606,UCEC_CN_LOW
0.459792331604373,0.640234686271325,0.40045427592232,0.133648067001761,0.152539221120007,0.668587498092662,0.440812086621944,0.928373863509416,0.0911096184440161,0.317086955833826,0.853676351361431,0.337535684942281,0.0435501254808697,UCEC_MSI
0.0099786071079807,0.0128191398617133,0.506157052189922,0.206353748509297,0.0581503389306232,0.0103557447704841,0.381971880718515,0.945863920439425,0.121642452936816,0.210779469607559,0.0351066050883373,0.517052206627924,0.3690986673421,UCEC_CN_LOW
0.00904294360935483,0.0139246628424049,0.195165339377045,0.51904788512519,0.313654149234285,0.00978732563203352,0.592904303073113,0.701664845629916,0.63696560346007,0.471330804384642,0.0385657333000663,0.244747360406216,0.686634686745944,NA
0.00835572030904666,0.0145244448040027,0.421953658212924,0.25932861945067,0.947404578861368,0.0107359256983451,0.748772385896928,0.699304310205873,0.319350883430792,0.981122818439711,0.123986286885386,0.434905123785933,0.544384543598725,UCEC_CN_LOW
0.0088123281865168,0.0135584177899773,0.78741723050065,0.369057948273952,0.956855117543014,0.0106849063724989,0.877019941563205,0.962652919642341,0.510929521730753,0.979693622985546,0.0385029858118188,0.80752144612633,0.885953406073119,UCEC_CN_LOW
0.00856430713291439,0.0145026198828443,0.219090368299711,0.850190513193317,0.886529192128156,0.0117718762697103,0.474551395323873,0.747367331817144,0.919058073932807,0.943503203967164,0.0414201302444651,0.222181586467635,0.0703868181016254,UCEC_CN_LOW
0.0129212541517735,0.0206274719007464,0.0209313114680483,0.728827155013143,0.0362008685151909,0.0167229587528735,0.432428946837126,0.0493250502276047,0.849235421185928,0.207798332551508,0.0316899572448528,0.0433407418164666,0.0377312343784421,UCEC_CN_HIGH
0.00950631159927561,0.0121052684363893,0.010906464732048,0.406420686418875,0.17385161698763,0.0108987630027337,0.564733483311015,0.601859755662641,0.523953244295462,0.566020959602984,0.0236505429396529,0.0370632476487718,0.0349370212717373,UCEC_CN_HIGH
0.0145729145342883,0.0220016613602569,0.580049379428883,0.406007770623851,0.883894955319742,0.0161116766782105,0.555604532028799,0.631432649688327,0.475454839070907,0.962839963422898,0.035039678732927,0.598613449437234,0.820854311226578,UCEC_CN_LOW
0.00938102648639981,0.0119275239185383,0.0129601981263234,0.764113997044276,0.300997166204892,0.0118790508156859,0.987876033736427,0.0712467399311213,0.919479904758629,0.426684468305623,0.023940641513772,0.0343288563796861,0.0456153774553114,UCEC_CN_HIGH
0.010087843652127,0.012891829191411,0.584721424349944,0.265837932409737,0.914559430841207,0.0105211220136592,0.61155448977341,0.960048463284894,0.250713277431871,0.976322756999817,0.0272165502040229,0.69336918654741,0.75950185353035,UCEC_CN_LOW
0.0136964815924707,0.023495645121164,0.506979214666183,0.421279069649974,0.840816526155418,0.0150234853399133,0.664033770045111,0.849786506110531,0.508419137515443,0.711968889396984,0.0324454560525825,0.472428785956555,0.474723021495763,UCEC_CN_HIGH
0.0122970255730724,0.0136075047482882,0.440784670721964,0.248212178287532,0.204445718081459,0.0107310979732529,0.635863893811566,0.307496749480829,0.256264169017736,0.976566519649243,0.0233231888813939,0.407401397753381,0.0345039018647001,UCEC_CN_LOW
0.0113513108700608,0.0146512909094611,0.0162653416755243,0.311273013450245,0.131502484096276,0.0145611162766653,0.4161001392738,0.946980499766769,0.312954057430781,0.512114484009944,0.0237177857154063,0.0291671712255078,0.0336288489769238,UCEC_CN_HIGH
0.0117876883374402,0.0127901443512777,0.713999890492261,0.155285088147511,0.729155971366408,0.0117027236660664,0.988749291417786,0.953099833976306,0.108151942219648,0.979294615625488,0.0269309959371711,0.72773647959665,0.804517628670671,UCEC_CN_LOW
0.372002707481657,0.429122515931959,0.64388712134977,0.957973711891703,0.894782560801269,0.532330967102525,0.985646023564248,0.914081903175008,0.967536626700824,0.974072454381055,0.47800661116675,0.589610234395251,0.631765445323409,UCEC_MSI
0.00963536367777987,0.0125174025424645,0.0100672003710648,0.959743862077436,0.157288743286156,0.0109515942892757,0.940411118072205,0.239844968634832,0.973697170808446,0.317966120328613,0.025677818616174,0.0259883909867378,0.0273993488823028,UCEC_CN_HIGH
0.00967394066290117,0.0144378398411404,0.0124725451651164,0.959596748858886,0.0562076141465895,0.0112033384645245,0.988551408595516,0.155550284259567,0.971323497222087,0.195946805029023,0.0296220943393185,0.0255938600999599,0.0443867977683263,UCEC_CN_HIGH
0.0159016345168254,0.0303039003314329,0.027649644446441,0.169044131023338,0.621462450029672,0.0196235738009779,0.310233674855409,0.728427403309135,0.164479850115757,0.821138995127054,0.0444890280867343,0.0552229653598079,0.0477310265260602,UCEC_CN_LOW
0.00864495974824452,0.015196675030183,0.494158249289074,0.957234335478136,0.880192897061402,0.0109526893017826,0.691244333000456,0.918722466418008,0.967449717185842,0.979023656492451,0.0502152551150391,0.522763632535331,0.846497654901034,UCEC_CN_LOW
0.010293340039681,0.0132178230550115,0.65523308554033,0.94754807319039,0.914441265829645,0.0122088285053652,0.902843077126782,0.942777129346138,0.964450628065467,0.982688521903306,0.0434695457353765,0.529896625492246,0.690324083224116,UCEC_CN_LOW
0.00999857923295383,0.017001813615694,0.416036727963645,0.427933123310686,0.852919742830895,0.0123585297338151,0.556916469510339,0.919142702358753,0.574669393247433,0.980793037847522,0.0390844994176835,0.366898176180286,0.3727320335133,UCEC_POLE
0.013867741745163,0.0159200589276483,0.787328664288178,0.922448139389706,0.940856041436931,0.0108125809744724,0.984545797703827,0.927628758876437,0.943944674629621,0.981361959994556,0.0279505387703247,0.784843354389162,0.836709915218455,UCEC_CN_LOW
0.0106042439727111,0.0154002897115472,0.175861322333928,0.10130709902708,0.949678756597017,0.00929784474231253,0.358116663010788,0.650643202529755,0.0747927962133124,0.987358683182015,0.0340198978266854,0.098884512923384,0.0404021470717139,UCEC_CN_LOW
0.0115502923272913,0.0132688708917681,0.0456948363262817,0.0540993948631247,0.028311360312971202,0.0104892917449118,0.293558056870307,0.0575043008979544,0.0294713536391076,0.154258365105061,0.0330238168374897,0.0609121542296827,0.0435112941194959,UCEC_CN_HIGH
0.0136897800763415,0.0176854318152974,0.632066113598843,0.945469497240582,0.917592114124451,0.013182930422781,0.981194623920069,0.936549318868435,0.965362781863754,0.803195241558719,0.0251239483864675,0.711369537575414,0.494871264723135,UCEC_CN_LOW
0.0139391791913096,0.0191661569151507,0.715880085515892,0.44664267395299,0.935541944359915,0.0137446569716609,0.640984345750639,0.920737045585594,0.572520896857244,0.973182605010662,0.0485295112545596,0.778146515691689,0.891794025446327,UCEC_CN_LOW
0.0133102759939455,0.0162733010360801,0.59893001269487,0.279162084971283,0.562033474783335,0.0179671207239263,0.50471411496398,0.871702863937247,0.273810955479484,0.97614246419121,0.0360587443003806,0.5988984793253,0.702749260140024,UCEC_CN_LOW
0.556258900371314,0.773080978905314,0.807280524931587,0.954819410010377,0.920177815552246,0.760464928739363,0.432274538608747,0.805298338425635,0.973512518723028,0.677671340102391,0.8714298769453,0.850218011677275,0.908127686512208,UCEC_MSI
0.0145526986693037,0.0242898284890579,0.0199197316288779,0.141425152319092,0.0540065567791209,0.0160282663332017,0.437300878544536,0.911981604289566,0.0935072708290452,0.273770139741154,0.0420879346584793,0.0428598187058684,0.0415195947461477,UCEC_CN_HIGH
0.0112865605832939,0.0122714283003545,0.736830953242225,0.959390805317064,0.961757493734011,0.0129865072964273,0.986378244573467,0.94708783577562194,0.969407276598963,0.968956006674073,0.0344571395655164,0.707646086867409,0.850905997051863,UCEC_MSI
0.430526228276667,0.603606577054604,0.440645545773015,0.160374726386754,0.223089525481193,0.631771604509374,0.471922549008742,0.712192658514863,0.10794142830714,0.503919030089847,0.779901447667487,0.431126242958077,0.851163151266611,UCEC_MSI
0.539607163032891,0.694324160993948,0.768412003302645,0.105873759181778,0.823060051602857,0.700747749352545,0.985032257597277,0.941024060336712,0.0693254913669854,0.937573872276206,0.854745286719496,0.808540868950508,0.924850140654836,UCEC_MSI
0.0139516424900865,0.0222655102506916,0.0157346789878003,0.718098993995383,0.531860135619522,0.018713027786980502,0.366168672659075,0.259049013135305,0.82313420040801,0.689378735095156,0.0478567139865534,0.0401593002620317,0.0531251514391141,UCEC_CN_HIGH
0.38792182659964,0.596528014819219,0.678630800871385,0.936661526356312,0.764150430225294,0.545504479736558,0.920857535208539,0.904675411318157,0.922754906665617,0.939847607819921,0.616572625785836,0.654169206272541,0.767007142195271,UCEC_CN_LOW
0.521519629769265,0.738434948051813,0.797894794425129,0.958902134202763,0.954174218626947,0.73888001513981,0.985894579302623,0.961031877410692,0.969890425267948,0.983032698145855,0.873850592381035,0.810132587375581,0.914046104349698,UCEC_MSI
0.0104764356274298,0.0175605417740341,0.880172275665878,0.0345735321132566,0.947340878064494,0.0125428103013956,0.628654615456482,0.150012752014623,0.0310172108940394,0.974995503182511,0.0443239620684674,0.874904485509389,0.931733695246679,UCEC_CN_LOW
0.0111902161060397,0.0160287130790508,0.699550108069142,0.120681776344269,0.419952816733921,0.0125832954677635,0.627901488454594,0.307023951601814,0.0556362604788617,0.979483465085406,0.0329186846865901,0.642550945556977,0.546767262897938,UCEC_CN_HIGH
0.0140454571970878,0.016933033497573,0.599977535371853,0.855441156504623,0.922003835209834,0.015071773000363,0.480612401785206,0.939290450637523,0.963669857437142,0.520157041166494,0.0354168704997455,0.574997576574154,0.427833956915636,UCEC_CN_LOW
0.0129353171070796,0.0202847021820128,0.259745124067856,0.773583842753274,0.565912382523072,0.0149406869491081,0.957211158812057,0.674193585492643,0.901923437955695,0.974153655981258,0.0339247402051075,0.203383308982673,0.201757318233121,UCEC_CN_LOW
0.0141603731468384,0.0253808866434061,0.11920736463001,0.443922155312171,0.853269199145846,0.0154431954637306,0.727251130489923,0.769290404683452,0.460905512790257,0.9821618498909,0.0488925244959361,0.106272550523989,0.7177707000718,UCEC_CN_LOW
0.0120850853655839,0.016169180926165,0.661056426496537,0.142235664940628,0.299292422234379,0.0126515926157418,0.374554622748431,0.529963215735076,0.0784354129519983,0.978477411292377,0.0506712150651598,0.661509240136915,0.0705545351831047,UCEC_CN_LOW
0.00915901848553527,0.0119487353060208,0.0109298326705776,0.927640100874836,0.0824453781481791,0.00950389188251924,0.98844822946875,0.0679661388203961,0.952550183469078,0.60240753960974,0.0514092887667374,0.02626659138503,0.262608609306452,UCEC_CN_HIGH
0.214578911421064,0.269977741488602,0.417278395661429,0.869139728897304,0.743170949231502,0.413401511703137,0.979053134285385,0.817042459851431,0.946322703442539,0.91102438012188,0.442010970694547,0.405130559341307,0.422051121027586,UCEC_MSI
0.31953929852006,0.0715300418648678,0.602748673911033,0.933944668612584,0.887419602751048,0.50432817911494,0.975147655842147,0.933749422210799,0.959650149974787,0.968778933102889,0.759920735626675,0.692950488228423,0.871581428876965,UCEC_MSI
0.0106007874624723,0.0152937258708782,0.562089322986231,0.157581866016457,0.856945668859007,0.0125039737284465,0.588979157942165,0.700287974125912,0.189593246090258,0.849691748939581,0.0454174267358515,0.528396878914204,0.720995994939227,UCEC_CN_LOW
0.00998908717448578,0.0164759936808084,0.398310431209864,0.434684042847705,0.520905212798433,0.0125627202794257,0.493966241645724,0.936416406561905,0.623635128658951,0.940524567395715,0.0320592018117427,0.390084764810152,0.171886076929634,UCEC_CN_LOW
0.0108869567964335,0.0174220002247439,0.0200296934892678,0.320070772227083,0.135080637246315,0.0108966828818423,0.725923641713028,0.231649077403459,0.378939947311488,0.337543950252716,0.032327698962023,0.0427212416126808,0.0760546408854396,UCEC_CN_HIGH
0.443175437259548,0.533756530998876,0.651538217833999,0.191063336058256,0.89674878570707,0.607223643902267,0.982041380613717,0.767265124481279,0.266396947108692,0.964570765503954,0.750948829656703,0.716252046933312,0.805108119422135,UCEC_MSI
0.0107899378258148,0.0131270951420816,0.85302749712289,0.355770552548155,0.965696467430677,0.0112823124630905,0.576036064914516,0.617375299743529,0.430988092258142,0.827902006582478,0.024159582320462,0.761902577877928,0.185700523867709,UCEC_CN_LOW
0.421504143706674,0.568880013842529,0.788422822635235,0.177447165210294,0.896292694815853,0.600994689046934,0.914194628066668,0.900034187430445,0.180450632129724,0.978539658491006,0.807729211680105,0.790228627694087,0.84205022566849,UCEC_MSI
0.00960891362268723,0.0123833113764721,0.0136278025391424,0.960114649554441,0.139505000369767,0.0108890403720228,0.978672890939935,0.834960357784964,0.972060813901687,0.476817682425001,0.0349383666439912,0.0296259156596808,0.0361916579821792,UCEC_CN_HIGH
0.00861195766903054,0.0126175246521954,0.738593638563428,0.848765886525955,0.964728697969096,0.0131268547390681,0.663469930201772,0.950829308218339,0.90493834538966,0.957293906149473,0.0417589673241771,0.753828463901138,0.819084016175436,UCEC_CN_LOW
0.00964138173707063,0.0157449427788327,0.250817803242436,0.329289121464557,0.392887547833839,0.0112585087120885,0.363849681794322,0.938969128611852,0.368851014263863,0.975227344275385,0.0267064672885925,0.295325487749244,0.639043093184272,UCEC_CN_LOW
0.010311408451963,0.0139348022338431,0.342480851217597,0.939855039557753,0.884364595674826,0.00972517754899525,0.558820946282353,0.854352531864997,0.96186471740232,0.61998841127792,0.031764558841611903,0.319422258799808,0.0369241892459821,UCEC_CN_LOW
0.0111303713593666,0.0172388605518854,0.0106986460943089,0.86100685623589,0.0552108874909703,0.0103461230019062,0.678106252580457,0.141750417265504,0.932099723901415,0.106587069751507,0.0745555700240898,0.0291670830236657,0.0488030212961593,UCEC_CN_HIGH
0.248682719776581,0.35620684949524,0.452468437910309,0.451190743790642,0.638001643735401,0.457877051272755,0.676614662709874,0.783996229705091,0.585639487057934,0.951314456228276,0.445531647346142,0.383517239347915,0.540135761505791,UCEC_MSI
0.00808553708821674,0.0165560135313314,0.681577567467383,0.138093833095522,0.945848935308278,0.0112497036766859,0.697370189219898,0.935868061372995,0.153877190816528,0.560671971721082,0.0309716504639113,0.69865387475062,0.869035438225291,UCEC_CN_LOW
0.0222193355701747,0.0200946546479031,0.521835127425107,0.932259751844001,0.894215894262892,0.0394739089766425,0.750633489975307,0.916718783075433,0.965778183980417,0.501876921309696,0.26581594496617,0.366550497926357,0.82515611220522,UCEC_POLE
0.00853486950613968,0.0132178096418526,0.0151263031787613,0.0668363131775043,0.0479634066810701,0.00973510823739647,0.982155948477926,0.237861456184908,0.0380660662123561,0.199143178134458,0.0359082634835648,0.0423787762309397,0.0634681214519967,UCEC_CN_HIGH
0.0105208752718062,0.0166704096215263,0.660802875996735,0.574965519936571,0.43665512618724,0.013122996075306,0.472339862752249,0.916016343646181,0.753421760104493,0.983505461496358,0.0334175687010132,0.645538938100288,0.804933306176453,UCEC_CN_LOW
0.00862361763040083,0.0157151516899189,0.074445488241852,0.940712035572968,0.96399713635446,0.00882288759264708,0.990932455618046,0.902707175888488,0.967759308713363,0.978903152312316,0.031883855176542,0.10041601031122,0.649974974785659,UCEC_CN_LOW
0.0102874259226233,0.0133815405420278,0.707762402193053,0.105448146220548,0.95778240087597,0.0103276375125858,0.312012694128659,0.373069111610015,0.0308786937805786,0.312872244330098,0.0460820094162847,0.734876119067054,0.881166241097232,UCEC_CN_LOW
0.458222473978278,0.567321621784187,0.701573864085397,0.941040926058907,0.5990425754199,0.639234143855877,0.987676222000883,0.874296969327519,0.94922679111031,0.968433319664221,0.847674285263384,0.797234145875594,0.877158314442117,UCEC_MSI
0.466985062985851,0.547627577115631,0.642779422797829,0.931834489536812,0.878015403173751,0.638992182879275,0.857968217787128,0.914939837371495,0.963235792763214,0.904601117237156,0.722778560688468,0.796259494484356,0.791832105731458,UCEC_MSI
0.01254103064089,0.017851604627575,0.652872743134478,0.403452339989461,0.908240656264513,0.0124254345424865,0.384175818316517,0.911899163749137,0.446444716516448,0.968196359458073,0.0382935642427181,0.702405258464927,0.737144309511523,UCEC_CN_LOW
0.378724660416512,0.426038513657989,0.856691735929487,0.964447831933023,0.950805282090731,0.519232898248837,0.985005232491224,0.768954798500935,0.974683149948664,0.951286984056666,0.516996052152752,0.835775121807259,0.923219600044022,UCEC_MSI
0.0144412547755541,0.0198475619710391,0.331510900454631,0.562310037958264,0.0657026619148526,0.0136778075631788,0.36810326347841,0.36728680207634,0.642088523848385,0.252464909415958,0.037701579341442,0.407385127612843,0.593963649989272,UCEC_CN_LOW
0.01305660848266,0.01948896963215,0.454300308401318,0.952159371276576,0.508443908149241,0.0141026273042538,0.506274239252328,0.658419047571684,0.970717522508694,0.969155911691536,0.0350470568593488,0.445186084162694,0.655653473010059,UCEC_CN_LOW
0.0109238389948264,0.0174221158897643,0.529459684403386,0.956200971838986,0.564468244929937,0.012026781748573,0.49503822178207,0.885141134343959,0.9665280599005,0.610227406521238,0.0277902630218943,0.509921153935905,0.748430968868814,UCEC_CN_LOW
0.0106718737127431,0.0182791917603847,0.566530543494815,0.958769347601826,0.263613970272304,0.0133209373666733,0.505853990882296,0.801821798301404,0.965715081878982,0.481508362175453,0.0293491028524282,0.577324310547961,0.707756925767919,UCEC_CN_LOW
0.363924420636684,0.458387383300374,0.611377892521861,0.600749027886284,0.603358807983868,0.562016084356539,0.726831993991196,0.629883020579472,0.728128001618796,0.886674068965905,0.605837983949537,0.590757416844526,0.729125980917671,NA
0.0133359605261217,0.0230557147253731,0.337096695082498,0.943677720060402,0.744565213973989,0.0145304608363073,0.978149331612463,0.570173112044567,0.959545836401781,0.618657176068209,0.0273018517130508,0.374183907537922,0.0539141509213887,UCEC_CN_HIGH
0.0115309076570215,0.0225923804782925,0.0164275232612689,0.905416246342989,0.323791372005039,0.0191823186975102,0.8060706361655,0.281620195768387,0.94029934268934,0.335410073104769,0.0365225501387796,0.0366993454513979,0.0326607063233081,UCEC_CN_HIGH
0.0119041777915014,0.0148008791080713,0.632333661354929,0.94639467061839,0.892980231616836,0.0134215264236123,0.973518545661397,0.926661366424549,0.956623088237192,0.973313992146461,0.034025312057801,0.720695813318084,0.757081798370487,UCEC_CN_LOW
0.360325432452288,0.510206935172735,0.217477202934636,0.141232099792479,0.648364884524293,0.57132869134102,0.973371237208002,0.368815599396983,0.152154256523734,0.646503652077744,0.598855230596534,0.268790524417765,0.0442695916424255,UCEC_MSI
0.0138711531060749,0.017824624855158,0.404512638066147,0.954410132344685,0.808130114649889,0.0167434570482107,0.978361987975669,0.772819638430561,0.967748032761877,0.976137333748963,0.028144631168535,0.374073110165146,0.214930248657741,UCEC_CN_LOW
0.0121308271599763,0.017647870531757,0.520114701813366,0.946348251388455,0.902534513435466,0.0135031360113152,0.61357581805091,0.825743975864477,0.966000216254894,0.927757814706519,0.0379228033053465,0.49696444263437,0.866031889230044,UCEC_CN_LOW
0.0123732838939798,0.0192029001511325,0.129924070435959,0.289466322243649,0.897200426079321,0.0214839850675591,0.365660143791626,0.896897081090173,0.327252259950137,0.840123667205681,0.0456539999656267,0.207602691343521,0.540275381311507,UCEC_CN_LOW
0.011793273733462,0.0188423555130379,0.0196081066591874,0.265053990474989,0.0437688118796141,0.0127436289903973,0.90005133424459,0.515757603311526,0.299714598870071,0.301684085798428,0.0300649056099139,0.0493037605835744,0.0569188538661785,UCEC_CN_HIGH
0.00894266075896653,0.0172810371056098,0.133720453954005,0.851377872881082,0.91358389372095,0.0139532817737168,0.624016901877375,0.698388319989829,0.944703515893813,0.885105529021604,0.0362084156437164,0.305170889611097,0.579079251396781,UCEC_POLE
0.0100387067232291,0.0140887954127002,0.827008521252217,0.905577381339377,0.951012814166051,0.0134109505826023,0.98229204284013,0.928606689442898,0.950056531567694,0.978762290858942,0.0407860251683551,0.864448770835956,0.936283018434468,UCEC_POLE
0.472133420621564,0.650116767034635,0.758271488461464,0.455374696049545,0.884354159873046,0.712692314454273,0.979442451422951,0.876230673985678,0.569299093049747,0.974027486337736,0.775302725566995,0.773447687970527,0.830837676070084,UCEC_MSI
0.638305203156075,0.801330350513534,0.856303261540927,0.948016362859603,0.849975086049079,0.810250829732709,0.87434490455875,0.922521323416671,0.968621403945555,0.770938631665545,0.917204490696574,0.87729751438474,0.951429586980126,UCEC_MSI
0.0136515001264462,0.017560180217806,0.0163835077653398,0.960232287805643,0.0960619373638609,0.0125133425068906,0.96231698808477,0.0980717235349966,0.971000661698788,0.184601377119261,0.0387245368652384,0.0377369088099744,0.0398033395828093,NA
0.35065739622164,0.521596855857942,0.620126209759017,0.940995746061178,0.886699866285498,0.574285407021425,0.981100752067371,0.912308485238744,0.961321966289791,0.977232045733108,0.665155545935883,0.633041229109676,0.722449548723665,UCEC_MSI
0.299592247830209,0.332217762482791,0.483036603774023,0.363481557474436,0.832664484833909,0.470147225701313,0.971897476192023,0.869844376665712,0.435774469399088,0.937980569527856,0.435939961651688,0.49631142665415,0.4963919389293,UCEC_MSI
0.0126258091784327,0.0183341419936198,0.55013502124115,0.553225699695056,0.756523356486782,0.0159901422890497,0.602846942474289,0.874429805881207,0.629854562432323,0.977129299305071,0.0379434755479013,0.54338347773457,0.626244290488003,UCEC_CN_LOW
0.41352104510945,0.550419021817154,0.652136899443348,0.951177538259525,0.880866314501193,0.621693335300655,0.968287556506334,0.959869075147356,0.968716072140961,0.976312996810132,0.6841721229172,0.66712203416526,0.745032765110838,UCEC_MSI
0.242243574197706,0.289759583918338,0.615203575668172,0.410146058390974,0.627374204774123,0.43893555907909,0.633744724574321,0.53636302847275,0.504653576305521,0.951790181917752,0.381208708965635,0.599687956527793,0.739941133759754,UCEC_MSI
0.394968347369819,0.516563115035483,0.622770372999887,0.36007817731879,0.119449304323562,0.61374611535067,0.691694100577048,0.819006443352271,0.443687503571462,0.602476931181197,0.681062091727218,0.615446587979878,0.831483197062753,UCEC_MSI
0.0134511254563056,0.014844656863867,0.0158256001602199,0.180371458024562,0.0600613341152099,0.0165642332128058,0.312825653187158,0.116503248035257,0.158831211005314,0.239948911398856,0.0625148252558397,0.0479165783845002,0.0453140383460024,UCEC_CN_HIGH
0.012729784945064,0.0197718973235605,0.626629407718738,0.368992401449512,0.863726531519461,0.0168476311175375,0.400871128556901,0.958100892265343,0.496128129746543,0.96875613624617,0.0349426621127479,0.702485126248332,0.18862799024579,UCEC_CN_LOW
0.45191588664099003,0.65822410680591,0.714138177447051,0.944638037845666,0.945020550777146,0.722279244070068,0.981366173145053,0.962865097608503,0.969597548658771,0.981062426643912,0.787642364059609,0.758405831564612,0.883099119812629,UCEC_MSI
0.0148077617811441,0.0191227428677515,0.329840507516445,0.56569144391303,0.808790037354081,0.0160903733649322,0.503026137230784,0.775418398063544,0.663386499758442,0.973301640439344,0.03251632585091,0.341904939015308,0.260160147828993,UCEC_CN_LOW
0.0120595975245799,0.0162970778944987,0.393056760237234,0.780369195064357,0.837784246087624,0.0137183512939079,0.98503894840377,0.882466613539133,0.827290561683082,0.938453214095055,0.0278926544170327,0.472045961242378,0.479420117964978,UCEC_POLE
0.484884024809679,0.640791480995104,0.641409479347662,0.089595932661022,0.927123533984745,0.648652852658399,0.749596703288821,0.937501369777951,0.0596708115055116,0.973744856857241,0.790073400714303,0.707597468270439,0.893627589446368,UCEC_MSI
0.0140517226810696,0.0199465190105206,0.747705490143095,0.587604392370696,0.52623030754416,0.013609872225577,0.433186133249437,0.902654642445185,0.643589042922589,0.847158674928688,0.0673265355111174,0.791279135728221,0.854295293888243,UCEC_CN_LOW
0.369259129001536,0.454225008134108,0.598458230021945,0.95161435699288,0.918568772580187,0.537772626655744,0.572570770436468,0.850849824207452,0.967182041823799,0.893402713924622,0.529365819513532,0.585161690136233,0.728241303843599,UCEC_MSI
0.0109649947966093,0.0224555834087552,0.0174841473923293,0.950401833991017,0.0968246892978614,0.0157606117440083,0.44423514088996,0.111166577985986,0.966033372133698,0.253261315188784,0.0318768946200864,0.0574228572942003,0.055913665979771,UCEC_CN_HIGH
0.0109204180154527,0.0158944203355009,0.0154064588651832,0.959957730408843,0.0665340189254029,0.0138994199894268,0.715181328638047,0.116657180477325,0.973342699844702,0.204950800748832,0.032914685735366,0.0355109550113488,0.0376122433055763,UCEC_CN_HIGH
0.415356702255387,0.549460749766057,0.6655794810952,0.33340258269593,0.83248630126113,0.631835526193068,0.968863482585762,0.592184811938063,0.398620999152976,0.51174149141324,0.774508841955708,0.657149892743586,0.875037628723159,UCEC_MSI
0.429993703044988,0.61358710628745206,0.693585660324259,0.946532351636042,0.520893737908989,0.631687931438678,0.692822172712823,0.729343335015216,0.964934976494555,0.748674611559306,0.779950216862314,0.718436278877324,0.867045990491587,UCEC_MSI
0.0170273534067734,0.0268188524439481,0.176028384844746,0.924503097168552,0.165212795317183,0.0200701667521561,0.959648456271545,0.450429804588678,0.946976735467996,0.405133392154677,0.034675425495244,0.193936785198795,0.0725871198727623,UCEC_CN_HIGH
0.422300514096862,0.521778887621088,0.64798221179397,0.615864702892869,0.932747852119786,0.582153059406224,0.635200050589313,0.819769915410557,0.761616252402316,0.955610001186729,0.651211060319296,0.655141392932909,0.81599457587309,UCEC_MSI
0.0157698761534165,0.0218011016368257,0.245411694779291,0.342830465435692,0.285362375764165,0.0148556187497762,0.53875887626297,0.624621901191514,0.374104191732003,0.482474591566402,0.0306105531387477,0.298661868038682,0.711096604156841,UCEC_CN_LOW
0.446164769320666,0.667722484497399,0.461683514467389,0.925991775793995,0.133917337300036,0.598612709730852,0.974756334894274,0.888553391618762,0.930867896928405,0.345306923609976,0.700703890693089,0.476926755341699,0.828081830544516,UCEC_MSI
0.36572380590126,0.481124023588851,0.526454987113088,0.883356668077834,0.823208628892557,0.524604505102859,0.910873408807737,0.814781514985983,0.911386343764131,0.956931007394738,0.594988755076728,0.594769928481211,0.801087642293381,UCEC_MSI
0.0107958639597802,0.0137663904690458,0.0193694477527918,0.443199726928621,0.147078189247549,0.0124222464823701,0.668884925179726,0.535380583181524,0.597467968401646,0.371315389769346,0.0416061346164127,0.0328165233562875,0.0515189524571206,UCEC_CN_HIGH
0.0111114346606228,0.0152694647109184,0.675846923765125,0.720261623697666,0.85172622967577,0.0127185408954749,0.640699187988551,0.480897760539817,0.8851748794475092,0.388982134804477,0.0288365254736223,0.560022106343209,0.904748780675224,UCEC_CN_LOW
0.0104687803198089,0.0181184402789146,0.0181212619080204,0.948018926843345,0.0287700412232688,0.0116271111647424,0.980800945944608,0.10483957044817,0.97562261919734,0.504536044558525,0.0350517785043681,0.0410834899005278,0.0351340463786456,UCEC_CN_HIGH
0.0103526618017172,0.0123207213585893,0.0133602635944448,0.953306821317319,0.293982619660483,0.0114595328885677,0.987697486906666,0.0397865051900315,0.969211541499169,0.404594819301614,0.0345156276660143,0.0482782604255397,0.0402801352095279,UCEC_CN_HIGH
0.0134961649809225,0.0181111619518475,0.0183818430991351,0.391367703954769,0.133295824766291,0.0156619670705028,0.894211456077505,0.23869144199718,0.449480324132416,0.391156748595114,0.034159424284183,0.04436279711712,0.0344280852320289,UCEC_CN_HIGH
0.39700921837269,0.503892761068687,0.598093058669492,0.958258865809903,0.780876722547295,0.580049646315714,0.980602120260491,0.8595962077636,0.975303724066802,0.440168555248696,0.602748523287068,0.56586454308193,0.66831106028224,UCEC_MSI
0.0128434953704666,0.0178187963193027,0.321057808622519,0.962460109796815,0.937944143757793,0.0133399069767562,0.751592106338297,0.956959074971098,0.964310818140633,0.973856818195653,0.0329795419734373,0.2999354426161,0.0336390976630939,UCEC_CN_HIGH
0.0119303372892628,0.016046034879404,0.0693129894173029,0.929331095844898,0.16219847688756,0.0128730042156082,0.424908066574262,0.265468653139023,0.963992275048399,0.432472961120733,0.0413057937251391,0.0440522695381187,0.76709705116707,UCEC_CN_HIGH
0.01453800311249,0.0171149521044151,0.548674019680639,0.957495273563381,0.331423180400379,0.0146668060674679,0.537750830167676,0.769482312324277,0.965888670865907,0.971548599068406,0.0305095902068043,0.54019026343619,0.0399278578641953,UCEC_POLE
0.0128968647241707,0.0146895157295873,0.595926750566789,0.957351252104677,0.950213690721847,0.0145408025295161,0.985682058061817,0.915341460886849,0.963808925882397,0.58430514632661,0.0289411554699574,0.654384692662513,0.744474989485876,NA
0.337884641795286,0.43897362516254,0.547213418412203,0.308004178178697,0.895420951535294,0.542519999665791,0.977076781729945,0.849413694580301,0.361327366249285,0.952612410797867,0.557419735773025,0.537850124915287,0.626039202106418,UCEC_MSI
0.0125652168019442,0.0172739656092406,0.571321302982961,0.175301715894325,0.336025658729527,0.0122525293123467,0.465625737273374,0.546839118541512,0.108894602345892,0.718690201804745,0.0293089342297333,0.464444095187008,0.768159313558984,UCEC_CN_HIGH
0.0105657890371234,0.0142642453418022,0.561268240993403,0.91316962053857,0.28454505828395,0.010291901348811,0.987696168914213,0.629650532878896,0.965937521729843,0.986395723119941,0.0366853495336109,0.567066157767197,0.609818059970745,UCEC_MSI
0.0107031510674611,0.0118133443381291,0.597215034102637,0.144608034963107,0.581197226573205,0.0138930153738663,0.397803024009206,0.907013430381784,0.171572729314556,0.983606646352738,0.0357424850261464,0.603035318627169,0.280892697620862,UCEC_CN_LOW
0.0107876988151005,0.0135001596390523,0.0116158574803633,0.742424265695852,0.820227823424714,0.0106151315821755,0.551869551493827,0.928720433002595,0.858610961477016,0.957211338278285,0.0314746075871201,0.0332594909809895,0.0431199085647735,UCEC_CN_LOW
0.0105438000540927,0.0121790200366146,0.014698535633456,0.964296339072396,0.0326933761286388,0.00818947113834758,0.121480240679881,0.0486933527604737,0.971786599584131,0.113724312932195,0.0277391158132512,0.0269833612186474,0.0341893243762888,UCEC_CN_HIGH
0.0116003087874578,0.0148018501200325,0.0419608999748119,0.557411895592218,0.945338444134751,0.0117846899666532,0.984226351322923,0.151662091650246,0.637761891931016,0.272124087315346,0.0314908029639056,0.0484266663617665,0.0338958395188579,UCEC_CN_HIGH
0.0101138053504759,0.0149908551976623,0.0262405697014237,0.956342439180968,0.187755396391153,0.00892634721092525,0.984586707328851,0.270782522058346,0.973333162317381,0.407835107002187,0.0214408798118479,0.0566118448508013,0.0389783713742702,UCEC_CN_HIGH
0.0143275744512796,0.0172350361080564,0.612120457719734,0.950219231918759,0.941934943112265,0.0174934409689527,0.978283483155864,0.913671379936754,0.964742886376745,0.875524930917824,0.0320068370785284,0.617848907249522,0.665412011265187,UCEC_POLE
0.00968407748865495,0.0114350925149132,0.0146567186199322,0.947569586287408,0.18155690674387,0.0110723594138535,0.9865435524666,0.472636829356127,0.965862860867523,0.351551213502547,0.0232289165354948,0.0295821758478422,0.0488562792768562,UCEC_CN_HIGH
0.0125041867392628,0.0151908756190707,0.570861535934028,0.951569679912339,0.843500565625513,0.0315264041835069,0.612513339329767,0.968056058308723,0.973884206161965,0.947308234421981,0.0384290907103721,0.655569888959271,0.391758529840704,UCEC_POLE
0.423631186239506,0.466272032388042,0.30509541392838,0.510551500546394,0.756603130713432,0.569860430629361,0.979883882466283,0.847012197410492,0.556418675147408,0.968958846321514,0.623320025073366,0.283513371156543,0.61884748282611,UCEC_MSI
0.524388839910599,0.675955692204361,0.798920022162535,0.956694592577054,0.962817993213098,0.705550794133042,0.962572936912098,0.954979150195155,0.979418229867338,0.980636184718575,0.842124464700814,0.806938730037603,0.896185329651981,UCEC_MSI
0.0154872778462989,0.0341313166487086,0.0235209534447092,0.403936000668333,0.0578198596341743,0.0195781378368252,0.440668492332179,0.136492876927519,0.420506258621916,0.264585947868543,0.0537109868227881,0.0436704315499435,0.057363859249954303,UCEC_CN_HIGH
0.316542459371681,0.376992455371253,0.437305325427249,0.34538944972117003,0.917633217668163,0.512363255533695,0.980519470882787,0.588370635498854,0.516146768028827,0.832252759881186,0.569668254367904,0.454350600033292,0.723230706946297,UCEC_MSI
0.0144623601011449,0.0166657372905603,0.606289878942014,0.614375867184918,0.830198936941647,0.019924106265211,0.962294694899076,0.907392973631319,0.752795117358582,0.779583266076323,0.0380043032421139,0.57935304335614,0.722219524087115,UCEC_MSI
0.00842826746041739,0.0119654307870943,0.0118418295864266,0.947898505915421,0.127976330032194,0.0108523564923201,0.988169506457378,0.0749271647048172,0.961602307205887,0.309884904659815,0.0333446707652244,0.0282482056053726,0.0357981981672075,UCEC_CN_HIGH
0.0106676899932425,0.0139584876148085,0.617003398636604,0.0521909701462497,0.297642469716502,0.0113960815032717,0.98466793737238,0.93478234254066,0.0291527322850408,0.949352389103073,0.0400133833157561,0.64141972413758,0.493621025391782,UCEC_CN_HIGH
0.00787817814139229,0.0163590083494902,0.0157385307760316,0.941775035804475,0.0887382271398837,0.00883349033330279,0.393126087483497,0.0699921654044846,0.969774892983225,0.256673285885313,0.0313243932113257,0.0344620414023247,0.0320036627200884,UCEC_CN_HIGH
0.0131184216788991,0.017117404811655,0.656947990208433,0.963599511967913,0.917273150482122,0.0128607052551411,0.9871473092202,0.931531366023817,0.973794290404053,0.977434941413926,0.0388752109123717,0.647096530585549,0.689398758312511,UCEC_POLE
0.495648030056968,0.679458223252372,0.768220834124801,0.949373089097796,0.228747075427875,0.674003946852531,0.987514778967862,0.962369887524395,0.967652362095041,0.979359383104266,0.848742795378949,0.750284297078555,0.857013191722795,UCEC_MSI
0.0136219961917168,0.0177660470342897,0.0166323268531099,0.327251218320809,0.159713653792682,0.0155048426091248,0.620884054041281,0.646657136465606,0.346333563159216,0.434852723214204,0.0301908896362282,0.0435529444200852,0.0453891594524816,UCEC_CN_HIGH
0.0137417815584736,0.018726617375268,0.0172259892248131,0.967425523312363,0.924035910681158,0.0137674003161367,0.984124676914797,0.136090461229366,0.979400131438422,0.825273615452275,0.034637117894951,0.0414354332585398,0.0311475037635077,UCEC_CN_HIGH
0.0108123238284885,0.01755201244744,0.188566464198111,0.964050263218181,0.894338851933425,0.0132013620796413,0.985742427973738,0.940493903356708,0.972398046707639,0.967224084992181,0.0316211586209931,0.174607941769152,0.0714844691236446,UCEC_CN_HIGH
0.45556561820053,0.565831000311183,0.704301468344318,0.970698565580211,0.898904519255712,0.637019241643281,0.988797021848048,0.923756986087426,0.975098002108412,0.803776463508781,0.730398964465927,0.708732473191876,0.776135988858352,UCEC_MSI
0.0115635018710072,0.0154484338829418,0.573544708750484,0.876756077739937,0.96209926642355,0.0120310150599183,0.984775414701553,0.878541210197,0.953386984386659,0.55591438097804,0.0292222933894257,0.613462248010822,0.784557511308122,UCEC_POLE
0.0115116283294812,0.0159760065574492,0.0798120818969438,0.961091825956236,0.898559559609477,0.012743221090809,0.980536939210552,0.904653654015895,0.972949622535006,0.530169984631862,0.0303711560934041,0.1251370800625,0.481978222439993,UCEC_MSI
0.0109622684231541,0.0144597585386269,0.529044876664354,0.954943656368035,0.9392675170497,0.0128168933929157,0.963123777217854,0.8536412377423,0.973658418544721,0.950441311812862,0.0256315970467369,0.53291496391212,0.600418528371165,UCEC_POLE
0.010020003674806,0.0154713504258002,0.0095323413010635,0.616234504973761,0.468688453488897,0.0114342193959579,0.98596758506825,0.704623266561692,0.71576965030738,0.945408672251414,0.024972764806701,0.0313140056803725,0.0317341678400677,UCEC_CN_HIGH
0.0136789924956543,0.0157867730011462,0.0162494860485041,0.950342880307623,0.112763756431691,0.0163803616789228,0.816606033993438,0.130038844883303,0.970888588820293,0.441950769304226,0.0303351098583218,0.0393334060301717,0.0457540133276695,UCEC_CN_HIGH
0.0131058647197262,0.0194236562291024,0.0163351880532925,0.959395098293497,0.61065478221324,0.0150553644797551,0.568521929300776,0.212390226956704,0.968041410602389,0.286381522737458,0.0301433162684509,0.031060736451513,0.0346699951821228,UCEC_CN_HIGH
0.632086448296328,0.809580413973635,0.799458429157411,0.955290245501819,0.950388554795393,0.793383466474994,0.984323467000222,0.926651559920675,0.965979707236362,0.367005032735084,0.927112534715639,0.849719227656634,0.942653032041306,UCEC_MSI
0.0129861512216059,0.0173207791181033,0.548109042001711,0.607384559232938,0.323731938717111,0.015916215809464,0.979331060497219,0.637592913677615,0.73162486481629,0.93583490839209,0.0316763002695047,0.447390310068267,0.728041250752147,UCEC_CN_LOW
0.0091727485145193,0.0114441767989482,0.0135995124156262,0.161742715538681,0.136845273296773,0.0140679971835012,0.985723507066336,0.760805987247781,0.288836473944613,0.414973434690193,0.0439371371472239,0.0232744443277594,0.045763755902684,UCEC_CN_HIGH
0.00995854158840664,0.011470307813241,0.392325942026208,0.966367518685709,0.926218389718095,0.00899729425682002,0.986933205800187,0.976512167154223,0.98371620878974,0.984191682136927,0.0220129263852407,0.497540147616016,0.499788890154371,UCEC_POLE
0.0100930784213126,0.0127653178472162,0.556501845073856,0.390658655751345,0.873398647636286,0.010829478644495,0.400610082853317,0.914983403595376,0.531833572322824,0.983081508480776,0.0258079675564626,0.570882644121295,0.507989395224752,UCEC_CN_LOW
0.510826237759188,0.703961269853622,0.79041252360686,0.108252632170103,0.962877956343884,0.747443765833829,0.990647977035433,0.978994208488691,0.0767199185329552,0.985645509050929,0.905915520639051,0.836595686725395,0.922380631344466,UCEC_MSI
0.0100549694453347,0.0131914572878303,0.639826315591538,0.965536680927872,0.957491754626723,0.0105875144594275,0.438842213044833,0.929643212862076,0.982047035712972,0.980595462464835,0.0249380485923963,0.655478955393873,0.784242925105496,UCEC_CN_LOW
0.00993678217661785,0.0117357786890904,0.726169456224049,0.965262160868264,0.91377400695878,0.00990166077623385,0.970784914506094,0.95210839119613,0.974230122628633,0.984214504762501,0.0272396162481007,0.802149742144038,0.860024920301564,UCEC_POLE
0.00941350792902891,0.0145192982763699,0.0135936335558122,0.0652286929104357,0.610871869092959,0.0122369565647919,0.29649775021584,0.0673335249375421,0.0499461609407709,0.149484964649493,0.0364355945244827,0.0324967563159926,0.0328469092828376,NA
0.31986009443891,0.438450581794993,0.608096712363582,0.958076123934136,0.763615985812614,0.575065598622224,0.467241464170502,0.7746456560678,0.96958085401931,0.726472468354501,0.684231301469013,0.645538665704791,0.737130942924348,UCEC_MSI
0.00894973450119926,0.0100992817840852,0.614818490703271,0.958645470135433,0.923189682309108,0.00967084128464396,0.800522979700646,0.953542874736988,0.975229299296648,0.836478720966199,0.0241488439152923,0.520737387446594,0.877086334316341,UCEC_CN_LOW
0.0150020076539592,0.0256938839024657,0.0185650000452417,0.84380737755654,0.063894346602514,0.017059444750112802,0.155702552491437,0.0426272132373304,0.893236971083076,0.12325314572753,0.0382826275026902,0.0386972960870851,0.0494732970750184,UCEC_CN_HIGH
0.579494813557615,0.761313511607725,0.141895337270513,0.502906947718483,0.466492681167875,0.837877924031783,0.783197364741756,0.16183085277321901,0.692866480969136,0.9684098028893,0.939435488762423,0.202705033039779,0.417888898321691,UCEC_MSI
0.41615923744638,0.56721242582555,0.646096005929603,0.101974383412544,0.235882744813945,0.65958944459225,0.973753234366074,0.852083657696127,0.121511517773413,0.978057560047611,0.779131866708356,0.705883621912131,0.883941833008969,UCEC_MSI
0.00979320743509623,0.0117082980130157,0.0120403650975977,0.946468576473274,0.0722300849764062,0.0107966376644978,0.376857153716943,0.151460679086318,0.958978363824047,0.215524580134179,0.025622042212678,0.0304132695352656,0.0405814502329893,UCEC_CN_HIGH
0.00872023633953606,0.0101992306655485,0.673966290841144,0.249303506108897,0.927602950074641,0.012286426032551,0.987844166735422,0.956536991193316,0.344098255708444,0.964526559656836,0.0291753521865405,0.722675320021367,0.716201673162677,UCEC_CN_LOW
0.483067186915256,0.695835259570985,0.821040319623586,0.946354494260457,0.950246354044259,0.765104320902753,0.989472307231808,0.965833074150957,0.963550140482999,0.983819866008323,0.890448959480187,0.82758651060425,0.869193362292199,UCEC_MSI
0.00855378614763581,0.0123463785946829,0.0118328733540547,0.953581584096312,0.286049968940731,0.010508744908656,0.991237482232228,0.639325320428101,0.968448059642509,0.655422636858255,0.0220271047857801,0.0247827999048097,0.028704601739956,UCEC_CN_LOW
0.00856885273475767,0.0106761780210962,0.19374795294403,0.545161647729735,0.508210381687228,0.00901409090345017,0.990285047274456,0.327435349027198,0.756200747002787,0.375348656051572,0.0204714004092828,0.180335148260348,0.698788232322182,UCEC_CN_HIGH
0.00943807872289824,0.0120638736666468,0.945724240084512,0.0265547080460862,0.966882956517085,0.0121971617104581,0.947957291704487,0.0889015178876749,0.0198499635649337,0.673387636820501,0.0286256216402212,0.881726294410491,0.950983692575526,UCEC_CN_HIGH
0.461875662358715,0.623289711917441,0.788698171274882,0.967611782937464,0.96051937452971,0.70027651646284494,0.988530858007287,0.906653536496174,0.982246729699256,0.979354140042317,0.887578297763439,0.830708480026874,0.858221797067534,UCEC_MSI
0.0106445208866856,0.0119126232333254,0.00928655340179332,0.40095031749078,0.936185481052866,0.0112089247394597,0.989399282863889,0.939596426590924,0.579744352283939,0.98146899046291,0.0294854149729943,0.0413875486097419,0.0350668901261202,UCEC_CN_HIGH
0.0113284169762675,0.0141704510528296,0.0166067117139472,0.950409885380011,0.0293061503505847,0.0115596775240534,0.445973071902386,0.291959620852883,0.956669302908118,0.254525287628194,0.0459705075150824,0.0350604587388629,0.0498484298387108,UCEC_CN_HIGH
0.0106323330063563,0.0134045993768508,0.0129061632922918,0.248844319707317,0.252413721178032,0.0103467777677189,0.545701573450812,0.384557659644607,0.28430856704758,0.444710401088609,0.0400179406909203,0.0311526155610224,0.305207033549024,UCEC_CN_HIGH
0.0106293387292692,0.0178741599165711,0.0362307072335446,0.563842327427879,0.146756261543955,0.0131845163286413,0.982474188154075,0.21113872465421,0.712108927376332,0.501318177457712,0.0352143236353976,0.0673732807651196,0.330415092832126,UCEC_CN_HIGH
0.0113841627980167,0.0141508964103913,0.535956662162611,0.976222342549171,0.972326757955736,0.00986985599998761,0.988661837021629,0.649270354630752,0.981011848260448,0.813534251991024,0.0286876776601033,0.554864836979854,0.75469554820657,UCEC_CN_HIGH
0.53827976367272,0.701810358732836,0.77237717417147,0.312341808472575,0.330868820858994,0.70429096166833,0.987799309522596,0.959440621743918,0.279908123656016,0.918529161139234,0.851302934326422,0.817244515751493,0.858709998174048,UCEC_MSI
0.01172000519273,0.0165139232125617,0.349948532169884,0.957091178451047,0.632374703156706,0.0125011055975144,0.986447522012996,0.778128723279494,0.975337222968421,0.784218403612704,0.0382397179952899,0.305712036231209,0.035910405401937,UCEC_CN_HIGH
0.0129383164341937,0.0223102381740542,0.0156933944804874,0.0574726926181007,0.0488285314438326,0.0164220443548235,0.771134295198511,0.0549660371367379,0.0377696821403118,0.190386326894959,0.0345151118695781,0.0388265981150033,0.0352138202009166,UCEC_CN_HIGH
0.0161326467330795,0.021082983781312,0.412305227524805,0.20626126287849,0.944162622911032,0.0169856433551048,0.545226390213794,0.822148694958364,0.157128241637644,0.449693741240771,0.0362811954092498,0.423415008654022,0.0538690896671258,UCEC_CN_HIGH
0.0132422481949428,0.0206614339773954,0.0265462328534,0.611929616798134,0.303569484688064,0.0153261467253287,0.976001024302874,0.486028329511581,0.762572538527733,0.44128022192785,0.0385075746777992,0.0736082515655724,0.0768785367157511,UCEC_CN_HIGH
0.735324671766182,0.878048626951956,0.847390298609057,0.357254399441274,0.966013372598922,0.907604476121579,0.985302965071971,0.913315383105638,0.26947176404709,0.81539050294939,0.950694268243005,0.765607248544099,0.144189471059755,UCEC_CN_HIGH
0.405600608411693,0.434564056332456,0.0199211623165316,0.146123207111837,0.149712689303906,0.54806402459607,0.463002009517683,0.265428443825584,0.0897627477902066,0.354862990852722,0.488379581898812,0.0597665849188055,0.382567486175997,UCEC_MSI
0.091938422019564,0.136867245798056,0.427939624390828,0.155716976724113,0.952096430277665,0.225761679220862,0.985774632088178,0.909495615137416,0.132114820647107,0.914818281015047,0.0984362703072276,0.391483887627089,0.50357236843184,UCEC_MSI
0.012369132164188,0.0166055292746146,0.015742240546311,0.963532219259722,0.20752504714848,0.0138980105896304,0.986341449223964,0.469773763417146,0.971665236596053,0.362504677541822,0.0304120691997931,0.0292040038310729,0.0369073037037469,UCEC_CN_HIGH
0.552663374167771,0.690905934696385,0.759409602632314,0.948854927598184,0.961132002459243,0.733272332984969,0.990751461461308,0.956917548802451,0.957162577274518,0.98286046411289,0.886135715777341,0.755297768194525,0.866120235915323,UCEC_MSI
0.012157829423734,0.0132297388726489,0.0762830317127238,0.903024687915001,0.39696075005024,0.0159441294564075,0.958385198045909,0.808375631697728,0.923993216987994,0.896169345762191,0.0319540394719588,0.053499003906946,0.504057759989757,UCEC_CN_HIGH
0.0245426392376148,0.0496413919118542,0.203339979754202,0.947440163977452,0.84990711552712,0.0370505329062182,0.969401376547354,0.914357659273195,0.960643763673671,0.961632918514355,0.0929342214214134,0.305970615324567,0.270144316812928,UCEC_POLE
0.020965736935506,0.0305188541309803,0.0216357200742521,0.760159781507725,0.396830638467728,0.0206374573258032,0.486350760861976,0.157691972116778,0.901366450419432,0.350010317087582,0.0368995094363643,0.0431522583726757,0.0629424399867171,UCEC_CN_HIGH
0.595170797121982,0.808794837987715,0.838526595810853,0.960827829253119,0.952140710855226,0.755716656802519,0.975473050864276,0.946860777223738,0.963855507964634,0.969384062533049,0.926035245979959,0.879727241868506,0.914935574505758,UCEC_MSI
0.017440408384682,0.0259483237600594,0.458489935321593,0.754717539330337,0.537612941988079,0.0192783381312046,0.591116785780601,0.529172304135961,0.907195516905251,0.735422004543652,0.0745012224042535,0.422318246141373,0.532194945768898,UCEC_POLE
0.620200202820902,0.754292313037817,0.384821497124547,0.924559011095383,0.0645876461415109,0.739468937631253,0.970432244048743,0.694676653040136,0.953624882654303,0.887383462484262,0.882317887831094,0.380110099555187,0.9361227937383508,UCEC_MSI
0.0140626424867622,0.0210865360927567,0.0206568764361669,0.956664634387332,0.360740258419292,0.0148233828250986,0.971055155306367,0.641017513302844,0.970077212794168,0.175870120497367,0.0445061762263252,0.0398249274044389,0.0593625893824566,UCEC_CN_HIGH
0.012642891756976,0.021106013145093,0.0205099758418705,0.301989394660399,0.1301884136482,0.0163382361409517,0.973167332814838,0.245661362807298,0.3424881641877,0.351288177624911,0.0386582586066467,0.0525067534352454,0.106945219507737,UCEC_CN_HIGH
0.0117077349492835,0.0165439019588785,0.0114662887644012,0.968183820569007,0.0510448768638447,0.0133190239913605,0.625774454180107,0.108807138473657,0.976021472001171,0.231566248918779,0.0337608629712573,0.0253062336666899,0.0263984579126569,UCEC_CN_HIGH
0.492436221250717,0.635391054526004,0.716288251192217,0.958463233948927,0.954654937572585,0.646382518901698,0.978468513827122,0.927582283358385,0.965748643259415,0.934667065417867,0.812520869917544,0.756337779518247,0.864858090988953,UCEC_MSI
0.018477674801711,0.0278630901282348,0.0412631640621379,0.939465263058081,0.150168558532598,0.0282455393278987,0.779057834874306,0.305178749982264,0.958227810844464,0.392896031752132,0.0355742490205081,0.0598791826215371,0.0734593682227142,UCEC_CN_HIGH
0.0117601306447572,0.0178936908632047,0.0713636593266886,0.951420643992118,0.14769099392092,0.0124031733868068,0.918229959581919,0.219405911434032,0.969772601951496,0.358072514773829,0.0256568379379203,0.109773527136084,0.105902795991277,UCEC_CN_HIGH
0.0142538066253976,0.0238068789957448,0.0171856847007357,0.0455771432836944,0.0555915369495747,0.0154348525154683,0.152427201135946,0.0556194330596171,0.0395218864561919,0.443772195115973,0.0299402989760761,0.0329427887915925,0.0330863547018514,UCEC_CN_HIGH
0.0123627152880449,0.0158545479565204,0.0152143915531405,0.930865469905398,0.19931762326948,0.0145415199802525,0.863327519084332,0.233585006025932,0.963449321527484,0.29816951258807,0.0524206083043369,0.0385024547606303,0.040727676060157,UCEC_CN_HIGH
0.0133846104800742,0.0169301648335702,0.0169636792882489,0.962647917793234,0.0249963813995647,0.0145863705978871,0.228522632023004,0.0948776001464176,0.970979518108651,0.131505232790285,0.0321377403322184,0.0327464428920633,0.0348622878108289,UCEC_CN_HIGH
0.0124755831373818,0.0202926147097124,0.0190992816020484,0.672247128494107,0.173658366661504,0.0139475181962168,0.767028205029204,0.348566290539239,0.821735610192881,0.470448328711795,0.0323293970799342,0.055122642008148,0.0337462642992812,UCEC_CN_LOW
0.0123748620356983,0.0235760750174038,0.033813958474921,0.932518309421764,0.897605017293193,0.0194140674159094,0.98066056739781,0.494364077170884,0.946607866322625,0.579167914939171,0.0359686795289362,0.0528016427016616,0.20097623055949,UCEC_CN_HIGH
0.0188042486072573,0.0208617513129404,0.0245710679438846,0.100540819262177,0.130124764530735,0.0191686924185896,0.431678914459867,0.165807179140213,0.0718592114003188,0.252877057216491,0.0386178212617262,0.0360906935634607,0.0546252240477031,UCEC_CN_HIGH
0.014188740212894,0.0200300412207958,0.0174400602091034,0.427185747935561,0.284227583529115,0.0141290884543402,0.978767057692213,0.296879960707518,0.500287506472002,0.869888650180331,0.0295353930910376,0.0388862923182652,0.034766656960758,UCEC_CN_HIGH
0.0116114042884409,0.0141115683548976,0.109943445520333,0.441917864815999,0.241037689973816,0.0126001330914453,0.977127743489735,0.765769491971417,0.517607015437547,0.403188537958471,0.0277726129343678,0.0797626225386912,0.0606618282808124,UCEC_CN_HIGH
0.465755918399381,0.522072386524254,0.660510163522949,0.941795804981653,0.96023076983769,0.623808794535401,0.987532872814389,0.897855503397373,0.965592537609473,0.982166826564835,0.623067160013711,0.607442276558796,0.745272600164239,UCEC_MSI
0.0392898206255663,0.0378011199133062,0.128703291644321,0.923953366180633,0.135750246333663,0.0785179366461122,0.948039810222548,0.444178560273141,0.96496780744911,0.494995880001257,0.0748192521878779,0.130174007512996,0.0899848220651288,UCEC_CN_HIGH
0.0159498472517495,0.0339660795516228,0.018267577540902,0.0413887590698298,0.0267730320506356,0.0207188109428144,0.203083148523097,0.0661577931942255,0.0294264065460839,0.0987300753138124,0.0630996453078951,0.0329610527957368,0.0521769353609999,UCEC_CN_HIGH
0.371633979468883,0.554568012612554,0.452109766030727,0.769691114728156,0.890063698963871,0.557292506413157,0.977414414589041,0.889550750620179,0.732560877041738,0.881739036028848,0.750252779264698,0.461720909592135,0.835404868148207,UCEC_MSI
0.0109326678753454,0.0133963217571681,0.640361156305632,0.951966735276391,0.958734028387435,0.0111271184559299,0.989682117955073,0.800893332402283,0.96613793887813,0.985485446123811,0.0317453466288774,0.734361858952316,0.0352635406110099,UCEC_POLE
0.0103279988183552,0.0146982181014706,0.774673323926179,0.0768811329841478,0.891451957411944,0.0128931060074937,0.643154676895207,0.938521396511673,0.05538531563802,0.979113332354418,0.0294847845125542,0.756969449727412,0.872777623423313,UCEC_CN_LOW
0.01581759062975,0.0159152888865982,0.376426074591593,0.0614259752018916,0.0308892133558328,0.0153184931085775,0.258339556710859,0.841241412789933,0.0453507914728726,0.204927913896934,0.0332168510746103,0.429691987946719,0.503315916764395,UCEC_CN_LOW
0.0167071698136432,0.0286925735428501,0.0193468483280656,0.896944936345727,0.0696375443376372,0.0205195996297052,0.493199760444334,0.157993542439656,0.927798803227186,0.280256641372309,0.0405891222765689,0.0378756161372154,0.0473659229595456,UCEC_CN_HIGH
0.0136239245089181,0.0195042450473019,0.54346995215623,0.941346077751012,0.93977772626509,0.0136810127958545,0.618912443747593,0.891872459248563,0.953005151690296,0.803109977174853,0.0333729692465011,0.528775695741031,0.506856204576701,UCEC_MSI
0.00941153356787921,0.0146625772280281,0.667432988688904,0.23106669322226,0.939389389016744,0.0139030875138061,0.44232243863869,0.830565674499401,0.220065503265745,0.981137430751773,0.0283496401691801,0.733936204423942,0.767139896361603,UCEC_CN_LOW
0.0122133492715983,0.015964926512587,0.0166067174323303,0.959916020652593,0.171729481326311,0.0125863591398168,0.896346740362434,0.27408555685585,0.968383257413573,0.418615965196158,0.033089264833767,0.0303758615923246,0.0296472302588143,UCEC_CN_HIGH
